{"list":[{"schoolName":"雾都一葛","data":{"version":"0.0.9","todayInTerm":4,"grade1":10,"grade1Special":1,"grade2":10,"grade2Special":1,"grade3":10,"grade3Special":1,"stain":0,"complainDays":0,"expect1":30000,"expect2":30000,"complainedBefore":false,"diningHallLevel":5,"dormitoryLevel":5,"day":4,"mood":69.69658877728817,"money":-12808,"speed":5.799999999999996,"path_list":[["168.9","196.9"],["209.2","175.1"],["210.1","58"],["424.7","58"],["424.7","251.1"],["168.9","223.4"]],"point_list":["circle#exerciseStart","g#points > circle:nth-child(16)","g#points > circle:nth-child(13)","g#points > circle:nth-child(14)","g#points > circle:nth-child(5)","circle#exerciseEnd"]}},{"schoolName":"雾高一号","data":{"version":"0.0.9","todayInTerm":1,"grade1":10,"grade1Special":1,"grade2":10,"grade2Special":1,"grade3":10,"grade3Special":1,"stain":0,"complainDays":0,"expect1":30000,"expect2":30000,"complainedBefore":false,"diningHallLevel":5,"dormitoryLevel":5,"day":1,"mood":-1328495,"money":486000,"speed":1,"path_list":[["168.9","196.9"],["424.7","196.9"],["424.7","175.1"],["209.2","175.1"],["210.1","58"],["424.7","58"],["209.2","175.1"],["424.7","175.1"],["210.1","58"],["424.7","58"],["424.7","251.1"],["396.1","251.1"],["209.3","251.1"],["209.3","303.3"],["396.1","302.7"],["209.3","251.1"],["396.1","251.1"],["209.3","303.3"],["210.1","355.5"],["396.1","355.5"],["396.1","302.7"],["210.1","355.5"],["209.3","303.3"],["396.1","355.5"],["396.1","251.1"],["210.1","355.5"],["396.1","355.5"],["209.3","251.1"],["209.3","569.6"],["472.5","569.6"],["472.5","355.5"],["424.7","355.5"],["424.7","58"],["472.5","58"],["472.5","569.6"],["517.4","569.6"],["517.4","58"],["560.1","58"],["560.1","569.6"],["603.9","569.6"],["603.9","58"],["647.8","58"],["647.8","569.6"],["603.9","58"],["647.8","58"],["603.9","569.6"],["560.1","58"],["603.9","58"],["560.1","569.6"],["517.4","58"],["560.1","58"],["517.4","569.6"],["472.5","58"],["517.4","58"],["472.5","569.6"],["560.1","58"],["472.5","58"],["560.1","569.6"],["647.8","58"],["560.1","58"],["647.8","569.6"],["472.5","58"],["647.8","58"],["472.5","569.6"],["647.8","569.6"],["424.7","58"],["424.7","223.4"],["168.9","223.4"]],"point_list":["circle#exerciseStart","g#points > circle:nth-child(4)","g#points > circle:nth-child(15)","g#points > circle:nth-child(16)","g#points > circle:nth-child(13)","g#points > circle:nth-child(14)","g#points > circle:nth-child(16)","g#points > circle:nth-child(15)","g#points > circle:nth-child(13)","g#points > circle:nth-child(14)","g#points > circle:nth-child(5)","g#points > circle:nth-child(2)","g#points > circle:nth-child(1)","g#points > circle:nth-child(6)","g#points > circle:nth-child(7)","g#points > circle:nth-child(1)","g#points > circle:nth-child(2)","g#points > circle:nth-child(6)","g#points > circle:nth-child(8)","g#points > circle:nth-child(9)","g#points > circle:nth-child(7)","g#points > circle:nth-child(8)","g#points > circle:nth-child(6)","g#points > circle:nth-child(9)","g#points > circle:nth-child(2)","g#points > circle:nth-child(8)","g#points > circle:nth-child(9)","g#points > circle:nth-child(1)","g#points > circle:nth-child(10)","g#points > circle:nth-child(24)","g#points > circle:nth-child(25)","g#points > circle:nth-child(26)","g#points > circle:nth-child(14)","g#points > circle:nth-child(17)","g#points > circle:nth-child(24)","g#points > circle:nth-child(23)","g#points > circle:nth-child(18)","g#points > circle:nth-child(19)","g#points > circle:nth-child(22)","g#points > circle:nth-child(21)","g#points > circle:nth-child(20)","g#points > circle:nth-child(12)","g#points > circle:nth-child(11)","g#points > circle:nth-child(20)","g#points > circle:nth-child(12)","g#points > circle:nth-child(21)","g#points > circle:nth-child(19)","g#points > circle:nth-child(20)","g#points > circle:nth-child(22)","g#points > circle:nth-child(18)","g#points > circle:nth-child(19)","g#points > circle:nth-child(23)","g#points > circle:nth-child(17)","g#points > circle:nth-child(18)","g#points > circle:nth-child(24)","g#points > circle:nth-child(19)","g#points > circle:nth-child(17)","g#points > circle:nth-child(22)","g#points > circle:nth-child(12)","g#points > circle:nth-child(19)","g#points > circle:nth-child(11)","g#points > circle:nth-child(17)","g#points > circle:nth-child(12)","g#points > circle:nth-child(24)","g#points > circle:nth-child(11)","g#points > circle:nth-child(14)","g#points > circle:nth-child(3)","circle#exerciseEnd"]}}]}