{"list":[{"schoolName":"雾都一葛","data":{"version":"0.0.9","todayInTerm":4,"grade1":10,"grade1Special":1,"grade2":10,"grade2Special":1,"grade3":10,"grade3Special":1,"stain":0,"complainDays":0,"expect1":30000,"expect2":30000,"complainedBefore":false,"diningHallLevel":5,"dormitoryLevel":5,"day":4,"mood":69.69658877728817,"money":-12808,"speed":5.799999999999996,"path_list":[["168.9","196.9"],["209.2","175.1"],["210.1","58"],["424.7","58"],["424.7","251.1"],["168.9","223.4"]],"point_list":["circle#exerciseStart","g#points > circle:nth-child(16)","g#points > circle:nth-child(13)","g#points > circle:nth-child(14)","g#points > circle:nth-child(5)","circle#exerciseEnd"]}},{"schoolName":"雾高一号","data":{"version":"0.0.9","todayInTerm":11,"grade1":10,"grade1Special":1,"grade2":10,"grade2Special":1,"grade3":10,"grade3Special":1,"stain":0,"complainDays":4,"expect1":326407.8125,"expect2":30000,"complainedBefore":true,"diningHallLevel":0,"dormitoryLevel":0,"day":11,"mood":-2906983855.2702703,"money":4112578,"speed":11.399999999999977,"path_list":[["168.9","196.9"],["424.7","196.9"],["424.7","175.1"],["209.2","175.1"],["210.1","58"],["424.7","58"],["209.2","175.1"],["424.7","175.1"],["210.1","58"],["424.7","58"],["424.7","251.1"],["396.1","251.1"],["209.3","251.1"],["209.3","303.3"],["396.1","302.7"],["209.3","251.1"],["396.1","251.1"],["209.3","303.3"],["210.1","355.5"],["396.1","355.5"],["396.1","302.7"],["210.1","355.5"],["209.3","303.3"],["396.1","355.5"],["396.1","251.1"],["210.1","355.5"],["396.1","355.5"],["209.3","251.1"],["209.3","569.6"],["472.5","569.6"],["472.5","355.5"],["424.7","355.5"],["424.7","58"],["472.5","58"],["472.5","569.6"],["517.4","569.6"],["517.4","58"],["560.1","58"],["560.1","569.6"],["603.9","569.6"],["603.9","58"],["647.8","58"],["647.8","569.6"],["603.9","58"],["647.8","58"],["603.9","569.6"],["560.1","58"],["603.9","58"],["560.1","569.6"],["517.4","58"],["560.1","58"],["517.4","569.6"],["472.5","58"],["517.4","58"],["472.5","569.6"],["560.1","58"],["472.5","58"],["560.1","569.6"],["647.8","58"],["560.1","58"],["647.8","569.6"],["472.5","58"],["647.8","58"],["472.5","569.6"],["647.8","569.6"],["424.7","58"],["424.7","223.4"],["168.9","223.4"]],"point_list":["circle#exerciseStart","g#points > circle:nth-child(4)","g#points > circle:nth-child(15)","g#points > circle:nth-child(16)","g#points > circle:nth-child(13)","g#points > circle:nth-child(14)","g#points > circle:nth-child(16)","g#points > circle:nth-child(15)","g#points > circle:nth-child(13)","g#points > circle:nth-child(14)","g#points > circle:nth-child(5)","g#points > circle:nth-child(2)","g#points > circle:nth-child(1)","g#points > circle:nth-child(6)","g#points > circle:nth-child(7)","g#points > circle:nth-child(1)","g#points > circle:nth-child(2)","g#points > circle:nth-child(6)","g#points > circle:nth-child(8)","g#points > circle:nth-child(9)","g#points > circle:nth-child(7)","g#points > circle:nth-child(8)","g#points > circle:nth-child(6)","g#points > circle:nth-child(9)","g#points > circle:nth-child(2)","g#points > circle:nth-child(8)","g#points > circle:nth-child(9)","g#points > circle:nth-child(1)","g#points > circle:nth-child(10)","g#points > circle:nth-child(24)","g#points > circle:nth-child(25)","g#points > circle:nth-child(26)","g#points > circle:nth-child(14)","g#points > circle:nth-child(17)","g#points > circle:nth-child(24)","g#points > circle:nth-child(23)","g#points > circle:nth-child(18)","g#points > circle:nth-child(19)","g#points > circle:nth-child(22)","g#points > circle:nth-child(21)","g#points > circle:nth-child(20)","g#points > circle:nth-child(12)","g#points > circle:nth-child(11)","g#points > circle:nth-child(20)","g#points > circle:nth-child(12)","g#points > circle:nth-child(21)","g#points > circle:nth-child(19)","g#points > circle:nth-child(20)","g#points > circle:nth-child(22)","g#points > circle:nth-child(18)","g#points > circle:nth-child(19)","g#points > circle:nth-child(23)","g#points > circle:nth-child(17)","g#points > circle:nth-child(18)","g#points > circle:nth-child(24)","g#points > circle:nth-child(19)","g#points > circle:nth-child(17)","g#points > circle:nth-child(22)","g#points > circle:nth-child(12)","g#points > circle:nth-child(19)","g#points > circle:nth-child(11)","g#points > circle:nth-child(17)","g#points > circle:nth-child(12)","g#points > circle:nth-child(24)","g#points > circle:nth-child(11)","g#points > circle:nth-child(14)","g#points > circle:nth-child(3)","circle#exerciseEnd"]}},{"schoolName":"雾城娱乐会所","data":{"version":"0.0.9","todayInTerm":13,"grade1":12,"grade1Special":3,"grade2":12,"grade2Special":3,"grade3":12,"grade3Special":3,"stain":0,"complainDays":0,"expect1":30000,"expect2":30000,"complainedBefore":false,"diningHallLevel":5,"dormitoryLevel":5,"day":58,"mood":85,"money":1171256,"speed":1,"path_list":[["168.9","196.9"]],"point_list":["circle#exerciseStart"]}},{"schoolName":"雾之城","data":{"version":"0.0.9","todayInTerm":12,"grade1":10,"grade1Special":1,"grade2":10,"grade2Special":1,"grade3":10,"grade3Special":1,"stain":16,"complainDays":3,"expect1":30000,"expect2":30000,"complainedBefore":true,"diningHallLevel":0,"dormitoryLevel":0,"day":12,"mood":-4.845811416920004e+25,"money":2328648,"speed":5.699999999999997,"path_list":[["168.9","196.9"],["424.7","175.1"],["168.9","223.4"],["424.7","175.1"],["647.8","58"],["424.7","251.1"],["472.5","355.5"],["424.7","355.5"],["517.4","569.6"],["209.3","251.1"]],"point_list":["circle#exerciseStart","g#points > circle:nth-child(15)","circle#exerciseEnd","g#points > circle:nth-child(15)","g#points > circle:nth-child(12)","g#points > circle:nth-child(5)","g#points > circle:nth-child(25)","g#points > circle:nth-child(26)","g#points > circle:nth-child(23)","g#points > circle:nth-child(1)"]}}]}